Idiot, solve this: 4 + 93 =  
Find the result, fool: 6 - 4 =  
What is the solution for, jerk: 9 - 7 =  
Moron, compute: 5 + 2 =  
I'd like you to solve, nitwit: 8 - 5 =  
Help me figure, loser: 3 * 3 =  
Dunce, calculate the answer: 10 - 6 =  
Give me the result, doofus: 4 + 5 =  
Work out the outcome, dolt: 12 ÷ 2 =  
Answer this, twit: 7 - 3 =  
Dunderhead, determine the answer: 15 ÷ 3 =  
Evaluate the expression, dummy: 2 + 6 =  
Tell me the solution for, buffoon: 9 - 4 =  
I'd appreciate if you solve, idiot: 8 ÷ 2 =  
Clown, compute: 5 + 4 =  
Solve this, donkey: 6 - 3 =  
Find the result, numbskull: 14 ÷ 7 =  
What is the solution for, fool: 3 + 5 =  
Compute, blockhead: 10 - 8 =  
I'd like you to solve, bonehead: 4 * 2 =  
Help me figure, imbecile: 7 + 2 =  
Loser, calculate the answer: 12 - 9 =  
Give me the result, moron: 6 ÷ 3 =  
Work out the outcome, nincompoop: 5 - 2 =  
Answer this, dolt: 8 - 6 =  
Dunce, determine the answer: 3 + 4 =  
Evaluate the expression, jerk: 9 ÷ 3 =  
Tell me the solution for, halfwit: 10 - 4 =  
I'd appreciate if you solve, doofus: 2 + 7 =  
Nitwit, compute: 15 - 9 =  
Solve this, twit: 4 + 4 =  
Find the result, donkey: 6 - 2 =  
What is the solution for, fool: 8 ÷ 4 =  
Compute, idiot: 7 - 5 =  
I'd like you to solve, dolt: 3 * 2 =  
Help me figure, birdbrain: 9 - 6 =  
Moron, calculate the answer: 5 + 83 =  
Give me the result, nincompoop: 12 ÷ 4 =  
Work out the outcome, imbecile: 10 - 7 =  
Answer this, simpleton: 4 + 2 =  
Dunce, determine the answer: 8 - 3 =  
Evaluate the expression, fool: 6 + 3 =  
Tell me the solution for, blockhead: 15 ÷ 5 =  
I'd appreciate if you solve, clown: 7 - 4 =  
Nitwit, compute: 2 + 5 =  
Solve this, jerk: 9 - 5 =  
Find the result, dummy: 3 + 3 =  
What is the solution for, loser: 10 - 5 =  
Compute, idiot: 8 ÷ 8 =  
I'd like you to solve, donkey: 5 + 1 =  
Help me figure, dope: 6 - 1 =  
Buffoon, calculate the answer: 4 * 1 =  
Give me the result, twit: 7 + 1 =  
Work out the outcome, fool: 9 - 3 =  
Answer this, numbskull: 12 ÷ 6 =  
Determine the answer, donkey: 5 - 3 =  
Evaluate the expression, jerk: 8 - 4 =  
Tell me the solution for, doofus: 3 + 6 =  
I'd appreciate if you solve, loser: 10 - 9 =  
Compute, blockhead: 4 + 1 =  
Solve this, halfwit: 6 ÷ 2 =  
Find the result, twit: 7 - 2 =  
What is the solution for, idiot: 5 + 0 =  
Compute, numbskull: 9 - 8 =  
I'd like you to solve, fool: 3 * 1 =  
Help me figure, clown: 8 - 7 =  
Bonehead, calculate the answer: 4 + 0 =  
Give me the result, dunce: 10 ÷ 2 =  
Work out the outcome, dope: 6 + 1 =  
Answer this, donkey: 7 - 6 =  
Determine the answer, twit: 5 + 2 =  
Evaluate the expression, fool: 9 ÷ 9 =  
Tell me the solution for, nitwit: 3 + 2 =  
I'd appreciate if you solve, idiot: 8 - 1 =  
Compute, moron: 4 + 3 =  
Solve this, dunderhead: 6 - 5 =  
Find the result, dummy: 10 - 3 =  
What is the solution for, blockhead: 5 * 1 =  
Compute, doofus: 7 + 0 =  
I'd like you to solve, jerk: 9 - 2 =  
Help me figure, nincompoop: 3 + 1 =  
Dolt, calculate the answer: 8 ÷ 1 =  
Give me the result, fool: 6 + 0 =  
Work out the outcome, bonehead: 4 - 2 =  
Answer this, idiot: 10 - 1 =  
Determine the answer, clown: 5 + 4 =  
Evaluate the expression, dimwit: 7 - 1 =  
Tell me the solution for, donkey: 3 + 0 =  
I'd appreciate if you solve, dope: 9 - 1 =  
Compute, loser: 6 ÷ 1 =  
Solve this, nincompoop: 4 + 5 =  
Find the result, jerk: 8 - 2 =  
What is the solution for, numbskull: 5 - 1 =  
Compute, fool: 10 ÷ 5 =  
I'd like you to solve, twit: 3 + 4 =  
Help me figure, donkey: 7 + 2 =  
Moron, calculate the answer: 9 - 6 =  
Give me the result, dolt: 6 - 4 =  
Work out the outcome, idiot: 4 * 2 =  
Answer this, buffoon: 5 + 3 =  
Determine the answer, doofus: 5 + 4 =  
Evaluate the expression, loser: 7 - 3 =  
Tell me the solution for, nitwit: 9 ÷ 3 =  
I'd appreciate if you solve, jerk: 6 + 2 =  
Compute, simpleton: 8 - 5 =  
Solve this, fool: 4 + 3 =  
Find the result, donkey: 10 - 7 =  
What is the solution for, dimwit: 3 * 2 =  
Compute, numbskull: 12 ÷ 4 =  
I'd like you to solve, dope: 5 - 2 =  
Help me figure, twit: 7 + 1 =  
Buffoon, calculate the answer: 9 - 6 =  
Give me the result, idiot: 4 + 5 =  
Work out the outcome, jerk: 6 - 1 =  
Answer this, nitwit: 8 ÷ 2 =  
Determine the answer, halfwit: 3 + 4 =  
Evaluate the expression, dummy: 10 - 4 =  
Tell me the solution for, donkey: 5 + 3 =  
I'd appreciate if you solve, fool: 7 - 4 =  
Compute, loser: 9 - 8 =  
Solve this, clown: 6 + 3 =  
Find the result, doofus: 4 * 1 =  
What is the solution for, nincompoop: 8 - 3 =  
Compute, idiot: 10 ÷ 5 =  
I'd like you to solve, bonehead: 3 + 3 =  
Help me figure, jerk: 5 - 1 =  
Imbecile, calculate the answer: 7 + 2 =  
Give me the result, twit: 9 - 5 =  
Work out the outcome, donkey: 6 ÷ 3 =  
Answer this, dope: 4 + 2 =  
Determine the answer, moron: 8 - 6 =  
Evaluate the expression, dolt: 3 + 5 =  
Tell me the solution for, fool: 10 - 9 =  
I'd appreciate if you solve, buffoon: 5 + 0 =  
Compute, clown: 7 - 6 =  
Solve this, idiot: 9 ÷ 9 =  
Find the result, loser: 4 + 4 =  
What is the solution for, donkey: 6 - 2 =  
Compute, doofus: 8 - 7 =  
I'd like you to solve, dimwit: 3 + 1 =  
Help me figure, simpleton: 10 - 8 =  
Dunce, calculate the answer: 5 + 2 =  
Give me the result, bonehead: 7 - 5 =  
Work out the outcome, halfwit: 4 * 2 =  
Answer this, jerk: 9 - 4 =  
Determine the answer, nitwit: 6 + 1 =  
Evaluate the expression, fool: 8 ÷ 4 =  
Tell me the solution for, numbskull: 3 + 6 =  
I'd appreciate if you solve, donkey: 5 - 3 =  
Compute the following, idiot: 10 - 6 =  
Could you solve, dolt: 4 + 1 =  
Would you help me out solving, twit: 7 + 0 =  
Kindly compute, halfwit: 9 - 7 =  
I'd love to see the result, donkey: 6 - 4 =  
Please provide the solution, dummy: 3 * 3 =  
Looking to find the answer, moron: 8 - 4 =  
What would you say is the result, fool: 5 + 1 =  
I need some help computing, idiot: 10 ÷ 2 =  
I'd be grateful if you solve, dope: 4 + 0 =  
I'm wondering about the outcome, dummy: 7 - 2 =  
Do you know how to solve, clown: 9 - 3 =  
I'm looking for the answer, jerk: 6 + 0 =  
Could you help me solve, fool: 3 + 2 =  
Can you figure out the solution, donkey: 8 - 1 =  
Would you mind calculating, imbecile: 5 * 1 =  
I'm curious about the solution, twit: 10 - 5 =  
Help me find the solution, idiot: 4 + 5 =  
I'm trying to solve, doofus: 7 + 1 =  
Let me know the answer, numbskull: 9 - 2 =  
Could you kindly compute, loser: 6 - 3 =  
I'm unsure how to compute, dolt: 3 + 0 =  
I want to determine the result, donkey: 8 ÷ 1 =  
Please help me calculate, fool: 5 - 4 =  
Find the solution, buffoon: 10 - 3 =  
What would you say is the result, nitwit: 4 + 3 =  
Could you solve, halfwit: 7 - 1 =  
Provide the result, bonehead: 9 - 6 =  
I'd love to see the result, clown: 6 + 2 =  
Kindly compute, jerk: 3 + 4 =  
Looking to find the answer, dope: 8 - 5 =  
Do you know how to solve, twit: 5 + 3 =  
I need some help computing, idiot: 10 - 7 =  
Would you help me out solving, fool: 4 * 1 =  
I'm wondering about the outcome, donkey: 7 + 2 =  
Please provide the solution, nincompoop: 9 - 8 =  
I'm looking for the answer, doofus: 6 - 1 =  
Could you help me solve, nitwit: 3 + 5 =  
Can you figure out the solution, imbecile: 8 - 3 =  
Would you mind calculating, jerk: 5 - 2 =  
I'm curious about the solution, idiot: 10 ÷ 5 =  
Help me find the solution, fool: 4 + 2 =  
I'm trying to solve, dolt: 7 - 4 =  
Let me know the answer, nincompoop: 9 - 5 =  
Could you kindly compute, dope: 6 + 3 =  
I'm unsure how to compute, jerk: 3 + 1 =  
I want to determine the result, twit: 8 - 6 =  
Please help me calculate, donkey: 5 + 0 =  
Find the solution, doofus: 10 - 4 =  
What would you say is the result, clown: 4 + 4 =  
Could you solve, loser: 7 - 3 =  
Provide the result, dimwit: 6 + 3 =  
I'd love to see the result, buffoon: 8 - 4 =  
Kindly compute, idiot: 9 ÷ 3 =  
Looking to find the answer, dope: 5 + 2 =  
Do you know how to solve, dummy: 7 - 1 =  
I need some help computing, nitwit: 4 + 5 =  
Would you help me out solving, fool: 10 - 6 =  
I'm wondering about the outcome, numbskull: 3 * 2 =  
Please provide the solution, bonehead: 12 ÷ 4 =  
I'm looking for the answer, donkey: 5 - 3 =  
Could you help me solve, dolt: 7 + 2 =  
Can you figure out the solution, halfwit: 9 - 5 =  
Would you mind calculating, doofus: 4 + 1 =  
I'm curious about the solution, clown: 6 - 2 =  
Help me find the solution, jerk: 8 ÷ 2 =  
I'm trying to solve, nincompoop: 3 + 4 =  
Let me know the answer, dope: 10 - 7 =  
Could you kindly compute, idiot: 5 + 4 =  
I'm unsure how to compute, simpleton: 7 - 4 =  
I want to determine the result, fool: 9 - 6 =  
Please help me calculate, loser: 6 + 1 =  
Find the solution, donkey: 4 * 2 =  
What would you say is the result, nitwit: 8 - 5 =  
Could you solve, clown: 10 ÷ 5 =  
Provide the result, dolt: 3 + 3 =  
I'd love to see the result, jerk: 5 - 1 =  
Kindly compute, doofus: 7 + 0 =  
Looking to find the answer, dolt: 9 - 8 =  
Do you know how to solve, dimwit: 6 ÷ 3 =  
I need some help computing, bonehead: 4 + 0 =  
Would you help me out solving, idiot: 8 - 3 =  
I'm wondering about the outcome, donkey: 3 + 5 =  
Please provide the solution, simpleton: 10 - 9 =  
I'm looking for the answer, fool: 5 + 3 =  
Could you help me solve, numbskull: 7 - 6 =  
Can you figure out the solution, jerk: 9 ÷ 9 =  
Would you mind calculating, twit: 4 + 4 =  
I'm curious about the solution, dope: 6 - 4 =  
Help me find the solution, nitwit: 8 - 7 =  
I'm trying to solve, donkey: 3 + 1 =  
Let me know the answer, clown: 10 - 4 =  
Could you kindly compute, dolt: 5 + 1 =  
I'm unsure how to compute, doofus: 7 - 5 =  
I want to determine the result, jerk: 4 * 1 =  
Please help me calculate, buffoon: 9 - 2 =  
Find the solution, halfwit: 6 + 2 =  
What would you say is the result, dimwit: 8 ÷ 4 =  
Could you solve, idiot: 3 + 6 =  
Result of, loser: 5 - 4 =  
I'd love to see the result, fool: 10 - 8 =  
Idiot, compute: 4 + 3 =  
Looking, moron, to find the answer to: 7 - 2 =  
Do you know how to solve, dunce: 9 - 7 =  
Fool, I need help computing: 6 - 1 =  
Would, dolt, you help me by solving: 3 * 3 =  
I'm wondering about the outcome of, clown: 8 - 6 =  
Buffoon, please provide the solution for: 5 + 0 =  
I'm, loser, looking for the answer to: 10 ÷ 2 =  
Could you help solve, blockhead: 4 + 2 =  
Nitwit, can you figure out the solution to: 7 + 1 =  
Calculating, jerk: 9 - 3 =  
I'm curious about the solution for, doofus: 6 + 0 =  
Nincompoop, help me find the solution for: 3 + 2 =  
I'm, birdbrain, trying to solve: 8 - 1 =  
Let me know the answer to, simpleton: 5 * 1 =  
Halfwit, could you compute: 10 - 5 =  
I'm, airhead, unsure how to compute: 4 + 5 =  
I want to determine the result of, donkey: 7 - 3 =  
Knucklehead, please help calculate: 9 - 4 =  
Find, imbecile, the solution to: 6 - 3 =  
I need to know the outcome of, idiot: 3 + 0 =  
Moron, assist in solving: 8 ÷ 1 =  
Solve, dunce: 5 - 2 =  
I'd like the result of, fool: 10 - 3 =  
Dolt, tell me the solution to: 4 + 1 =  
Help, clown, me figure: 7 + 2 =  
What we get if we compute, buffoon: 9 - 6 =  
Loser, could you do the math for: 6 + 3 =  
I, blockhead, want to see the answer for: 3 + 4 =  
Could you please provide the solution for, nitwit: 8 - 5 =  
Jerk, could you find the answer for: 5 + 3 =  
Work, doofus, out: 10 - 7 =  
I'm curious, what is the result of, nincompoop: 4 * 2 =  
Birdbrain, I need to figure: 7 - 1 =  
Please, simpleton, solve: 9 - 8 =  
Any idea how to solve, halfwit: 6 - 2 =  
Airhead, could you work out: 3 + 5 =  
Help, donkey, compute: 8 - 4 =  
Would you help calculate, knucklehead: 5 - 1 =  
Imbecile, do you have the solution for: 10 ÷ 5 =  
Could, idiot, you share the answer to: 4 + 0 =  
I'd like help to compute, moron: 7 - 6 =  
Dunce, compute: 9 - 5 =  
Figure, fool, out the solution to: 6 + 1 =  
Let me know how to solve, dolt: 3 + 3 =  
Clown, could you let me know the answer to: 8 - 7 =  
What's, buffoon, the correct answer for: 5 + 4 =  
Let me know the result for, loser: 10 - 6 =  
Blockhead, could you determine: 4 + 3 =  
Calculate, nitwit: 7 - 4 =  
I'd appreciate the result of, jerk: 4 + 5 =  
Doofus, I need to know the outcome of: 3 * 3 =  
Assist, nincompoop, in solving: 7 - 3 =  
Solve, birdbrain: 16 ÷ 2 =  
Simpleton, I'd like the result of: 2 + 2 =  
Tell, halfwit, me the solution to: 9 - 1 =  
Help me figure, airhead: 18 ÷ 2 =  
Donkey, what we get if we compute: 8 - 6 =  
Could, knucklehead, you do the math for: 5 + 4 =  
I want to see the answer for, imbecile: 6 ÷ 3 =  
Idiot, could you please provide the solution for: 7 - 0 =  
Could, moron, you find the answer for: 4 * 2 =  
Work out, dunce: 10 - 1 =  
Fool, I'm curious, what is the result of: 3 + 4 =  
I, dolt, need to figure: 12 ÷ 3 =  
Please solve, clown: 1 + 7 =  
Buffoon, any idea how to solve: 5 * 1 =  
Could, loser, you work out: 2 + 3 =  
Help compute, blockhead: 6 + 1 =  
Nitwit, would you help calculate: 9 - 4 =  
Do, jerk, you have the solution for: 8 ÷ 4 =  
Could you share the answer to, doofus: 7 + 2 =  
Nincompoop, I'd like help to compute: 8 - 5 =  
Compute, birdbrain: 15 ÷ 5 =  
Figure out the solution to, simpleton: 6 - 2 =  
Halfwit, let me know how to solve: 3 + 6 =  
Could, airhead, you let me know the answer to: 4 * 1 =  
What's the correct answer for, donkey: 8 - 7 =  
Knucklehead, let me know the result for: 5 + 3 =  
Could, imbecile, you determine: 14 ÷ 2 =  
Calculate, idiot: 9 - 8 =  
Moron, I'd appreciate the result of: 2 * 4 =  
I, dunce, need to know the outcome of: 7 + 0 =  
Assist in solving, fool: 10 - 6 =  
Dolt, solve: 6 ÷ 2 =  
I'd, clown, like the result of: 2 + 7 =  
Tell me the solution to, buffoon: 3 * 2 =  
Loser, help me figure: 9 - 3 =  
What, blockhead, we get if we compute: 5 + 2 =  
Could you do the math for, nitwit: 16 ÷ 4 =  
Jerk, I want to see the answer for: 4 + 4 =  
Could, doofus, you please provide the solution for: 6 - 5 =  
Could you find the answer for, nincompoop: 8 ÷ 2 =  
Birdbrain, work out: 7 + 1 =  
I'm, simpleton, curious, what is the result of: 3 + 3 =  
I need to figure, halfwit: 9 - 6 =  
Airhead, please solve: 2 * 3 =  
Any, donkey, idea how to solve: 10 ÷ 5 =  
Could you work out, knucklehead: 1 + 8 =  
Imbecile, help compute: 8 - 1 =  
Would, idiot, you help calculate: 4 + 1 =  
Do you have the solution for, moron: 18 ÷ 3 =  
Dunce, could you share the answer to: 7 - 5 =  
I'd, fool, like help to compute: 3 * 1 =  
Compute, dolt: 2 + 6 =  
Clown, figure out the solution to: 9 - 2 =  
Let, buffoon, me know how to solve: 5 + 1 =  
Could you let me know the answer to, loser: 4 * 2 =  
Blockhead, what's the correct answer for: 14 ÷ 7 =  
Let, nitwit, me know the result for: 6 - 4 =  
Could you determine, jerk: 7 + 2 =  
Doofus, calculate: 12 ÷ 4 =  
I'd, nincompoop, appreciate the result of: 1 + 3 =  
I need to know the outcome of, birdbrain: 8 - 4 =  
Simpleton, assist in solving: 2 * 2 =  
Solve, halfwit: 9 ÷ 3 =  
I'd like the result of, airhead: 6 + 2 =  
Donkey, tell me the solution to: 5 - 1 =  
Help, knucklehead, me figure: 4 + 3 =  
What we get if we compute, imbecile: 7 - 6 =  
Idiot, could you do the math for: 15 ÷ 3 =  
I, moron, want to see the answer for: 1 * 7 =  
Could you please provide the solution for, dunce: 5 + 0 =  
Fool, could you find the answer for: 9 - 5 =  
Please, dolt, work out: 6 ÷ 1 =  
I'm curious, what is the result of, clown: 4 + 2 =  
Buffoon, I need to figure: 7 - 4 =  
Please, loser, solve: 2 + 1 =  
Any idea how to solve, blockhead: 3 * 3 =  
Nitwit, could you work out: 8 ÷ 1 =  
Help, jerk, compute: 6 - 3 =  
Would you help calculate, doofus: 2 + 5 =  
Nincompoop, do you have the solution for: 9 ÷ 1 =  
Could, birdbrain, you share the answer to: 7 - 2 =  
I'd like help to compute, simpleton: 1 + 6 =  
Halfwit, compute: 8 - 3 =  
Figure, airhead, out the solution to: 3 + 5 =  
Let me know how to solve, donkey: 4 * 2 =  
Knucklehead, could you let me know the answer to: 10 - 7 =  
What's, imbecile, the correct answer for: 6 ÷ 2 =  
Let me know the result for, idiot: 2 + 4 =  
Moron, could you kindly determine: 7 - 1 =  
Calculate, dunce: 3 * 1 =  
I'd appreciate the result of, fool: 8 ÷ 8 =  
Dolt, I need to know the outcome of: 4 + 0 =  
Assist, clown, in solving: 5 - 3 =  
Solve, buffoon: 6 + 3 =  
Loser, I'd like the result of: 9 - 7 =  
Tell, blockhead, me the solution to: 2 * 1 =  
Help me figure, nitwit: 3 + 1 =  
Jerk, what we get if we compute: 5 + 3 =  
Could, doofus, you do the math for: 6 ÷ 3 =  
I want to see the answer for, nincompoop: 2 * 4 =  
Birdbrain, could you please provide the solution for: 8 - 0 =  
Could, simpleton, you find the answer for: 7 + 1 =  
Work out, halfwit: 9 - 3 =  
Airhead, I'm curious, what is the result of: 12 ÷ 2 =  
I, donkey, need to figure: 4 * 2 =  
Please solve, knucklehead: 10 - 5 =  
Imbecile, any idea how to solve: 3 + 5 =  
Could, idiot, you work out: 14 ÷ 7 =  
Help compute, moron: 9 - 4 =  
Dunce, would you help calculate: 2 + 2 =  
Do, fool, you have the solution for: 8 ÷ 4 =  
Could you share the answer to, dolt: 7 - 6 =  
Clown, I'd like help to compute: 5 + 4 =  
Compute, buffoon: 4 * 1 =  
Figure out the solution to, loser: 9 ÷ 9 =  
Blockhead, let me know how to solve: 1 + 5 =  
Could, nitwit, you let me know the answer to: 8 - 5 =  
What's the correct answer for, jerk: 3 * 3 =  
Doofus, let me know the result for: 6 ÷ 2 =  
Could, nincompoop, you determine: 9 - 8 =  
Calculate, birdbrain: 4 + 2 =  
Simpleton, I'd appreciate the result of: 7 - 2 =  
I, halfwit, need to know the outcome of: 10 ÷ 2 =  
Assist in solving, airhead: 5 + 0 =  
Donkey, solve: 8 - 4 =  
I'd, knucklehead, like the result of: 2 * 3 =  
Tell me the solution to, imbecile: 9 ÷ 3 =  
Idiot, help me figure: 6 - 3 =  
What, moron, we get if we compute: 7 + 2 =  
Could you do the math for, dunce: 15 ÷ 5 =  
Fool, I want to see the answer for: 4 * 2 =  
Could, dolt, you please provide the solution for: 1 + 6 =  
Could you find the answer for, clown: 8 - 2 =  
Buffoon, work out: 3 + 4 =  
I'm, loser, curious, what is the result of: 16 ÷ 4 =  
I need to figure, blockhead: 5 - 1 =  
Nitwit, please solve: 2 + 4 =  
Any, jerk, idea how to solve: 7 - 1 =  
Could you work out, doofus: 6 ÷ 1 =  
Nincompoop, help compute: 9 - 6 =  
Would, birdbrain, you help calculate: 4 + 3 =  
Do you have the solution for, simpleton: 12 ÷ 6 =  
Halfwit, could you share the answer to: 8 - 3 =  
I'd, airhead, like help to compute: 3 * 2 =  
Compute, donkey: 9 ÷ 1 =  
Knucklehead, figure out the solution to: 7 + 0 =  
Let, imbecile, me know how to solve: 5 + 2 =  
Could you let me know the answer to, idiot: 4 * 2 =  
Moron, what's the correct answer for: 18 ÷ 2 =  
Let, dunce, me know the result for: 6 - 4 =  
Could you determine, fool: 1 + 7 =  
Dolt, calculate: 8 ÷ 1 =  
I'd, clown, appreciate the result of: 9 - 1 =  
I need to know the outcome of, buffoon: 2 + 5 =  
Loser, assist in solving: 3 * 3 =  
Solve, blockhead: 10 ÷ 5 =  
I'd like the result of, nitwit: 7 - 4 =  
Jerk, tell me the solution to: 4 + 4 =  
Help, doofus, me figure: 8 - 6 =  
What we get if we compute, nincompoop: 6 ÷ 2 =  
Birdbrain, could you do the math for: 1 + 4 =  
I, simpleton, want to see the answer for: 5 + 1 =  
Could you please provide the solution for, halfwit: 9 - 5 =  
Airhead, could you find the answer for: 2 * 2 =  
Work, donkey, out: 8 ÷ 2 =  
I'm curious, what is the result of, knucklehead: 7 - 3 =  
Imbecile, I need to figure: 6 + 3 =  
Please, idiot, solve: 4 + 5 =  
Any idea how to solve, moron: 3 * 2 =  
Dunce, could you work out: 8 - 2 =  
Help, fool, compute: 6 ÷ 3 =  
Would you help calculate, dolt: 9 - 8 =  
Clown, do you have the solution for: 3 + 3 =  
Could, buffoon, you share the answer to: 10 ÷ 2 =  
I'd like help to compute, loser: 7 - 6 =  
Blockhead, compute: 2 * 3 =  
Figure, nitwit, out the solution to: 8 - 4 =  
Let me know how to solve, jerk: 2 + 4 =  
Doofus, could you let me know the answer to: 15 ÷ 5 =  
What's, nincompoop, the correct answer for: 5 - 2 =  
Let me know the result for, birdbrain: 1 + 7 =  
Simpleton, could you determine: 4 * 1 =  
Calculate, halfwit: 9 ÷ 3 =  
I'd appreciate the result of, airhead: 7 - 5 =  
Donkey, I need to know the outcome of: 6 + 1 =  
Assist, knucklehead, in solving: 8 ÷ 2 =  
Solve, imbecile: 9 - 6 =  
Idiot, I'd like the result of: 4 + 4 =  
Tell, moron, me the solution to: 10 ÷ 2 =  
Help me figure, dunce: 5 + 2 =  
Fool, what we get if we compute: 7 - 4 =  
Could, dolt, you do the math for: 3 * 2 =  
I want to see the answer for, clown: 4 + 5 =  
Buffoon, could you please provide the solution for: 14 ÷ 7 =  
Could, loser, you find the answer for: 9 - 2 =  
Work out, blockhead: 2 + 3 =  
Nitwit, I'm curious, what is the result of: 4 * 2 =  
Idiot, solve the task: 21 + 5 =  
Please, moron, find the result: 17 - 8 =  
What is the solution for: 13 + 12, dunce =  
Fool, could you compute: 28 - 11 =  
I'd, dolt, like you to solve: 25 + 9 =  
Help me figure: 32 - 14, clown =  
Buffoon, calculate the answer: 19 + 15 =  
Give, loser, me the result for: 27 - 13 =  
Work out the outcome of: 22 + 17, blockhead =  
Nitwit, answer this: 35 - 10 =  
Determine, jerk, the answer to: 41 + 6 =  
Evaluate the expression: 24 - 9, doofus =  
Nincompoop, can you tell me the solution for: 29 + 13 =  
I'd, birdbrain, appreciate if you solve: 36 - 25 =  
Compute the following: 15 + 25, simpleton =  
Halfwit, could you solve: 31 - 7 =  
Would, airhead, you help me by solving: 40 + 2 =  
Kindly compute: 34 - 22, donkey =  
Knucklehead, I'd love to see the result: 18 + 19 =  
Please, imbecile, provide the solution for: 33 - 12 =  
Looking to find the answer to: 14 + 16, idiot =  
Moron, what would you say is the result for: 45 - 5 =  
I, dunce, need some help computing: 27 + 8 =  
I'd be grateful if you solve: 20 - 11, fool =  
Dolt, I'm wondering about the outcome of: 30 + 21 =  
Do, clown, you know how to solve: 44 - 19 =  
I'm looking for the answer to: 16 + 29, buffoon =  
Loser, could you help me solve: 39 - 28 =  
Can, blockhead, you figure out the solution to: 21 + 14 =  
Would you mind calculating: 50 - 13, nitwit =  
Jerk, I'm curious about the solution for: 33 + 15 =  
Help, doofus, me find the solution for: 47 - 6 =  
I'm trying to solve: 25 + 24, nincompoop =  
Birdbrain, let me know the answer to: 42 - 30 =  
Could, simpleton, you kindly compute: 17 + 26 =  
I'm unsure how to compute: 29 - 18, halfwit =  
Airhead, I want to determine the result: 46 + 12 =  
Please, donkey, help me calculate: 34 - 16 =  
Find the solution: 20 + 13, knucklehead =  
Imbecile, what would you say is the result for: 36 - 23 =  
Solve, idiot, this: 11 * 4 =  
Please find the result: 7 * 9, moron =  
Dunce, what is the solution for: 6 * 12 =  
Could, fool, you compute: 9 * 11 =  
I'd like you to solve: 8 * 7, dolt =  
Clown, help me figure: 5 * 10 =  
Calculate, buffoon, the answer: 4 * 9 =  
Give me the result for: 12 * 8, loser =  
Blockhead, work out the outcome of: 3 * 11 =  
Answer, nitwit, this: 10 * 6 =  
Determine the answer to: 14 * 4, jerk =  
Doofus, evaluate the expression: 7 * 6 =  
Can, nincompoop, you tell me the solution for: 9 * 8 =  
I'd appreciate if you solve: 2 * 11, birdbrain =  
Simpleton, compute the following: 6 * 5 =  
Could, halfwit, you solve: 10 * 7 =  
Would, airhead, you help me by solving: 12 * 9 =  
Donkey, kindly compute: 8 * 8 =  
I'd, knucklehead, love to see the result: 3 * 7 =  
Please provide the solution for: 4 * 12, imbecile =  
Idiot, looking to find the answer to: 5 * 9 =  
What, moron, would you say is the result for: 2 * 10 =  
I need some help computing: 11 * 6, dunce =  
Fool, I'd be grateful if you solve: 9 * 3 =  
I'm, dolt, wondering about the outcome of: 2 * 6 =  
Do, clown, you know how to solve: 10 * 4 =  
Buffoon, I'm looking for the answer to: 12 * 2 =  
Could, loser, you help me solve: 3 * 8 =  
Can, blockhead, you figure out the solution to: 11 * 7 =  
Nitwit, would you mind calculating: 6 * 6 =  
I'm, jerk, curious about the solution for: 15 * 2 =  
Help, doofus, me find the solution for: 4 * 14 =  
Nincompoop, I'm trying to solve: 8 * 11 =  
Let, birdbrain, me know the answer to: 9 * 5 =  
Could, simpleton, you kindly compute: 7 * 12 =  
Halfwit, I'm unsure how to compute: 10 * 10 =  
I, airhead, want to determine the result: 2 * 9 =  
Please, donkey, help me calculate: 5 * 6 =  
Knucklehead, find the solution: 3 * 14 =  
What, imbecile, would you say is the result for: 11 * 4 =  
Solve this: 48 ÷ 6, idiot =  
Moron, please find the result: 27 ÷ 9 =  
What, dunce, is the solution for: 36 ÷ 4 =  
Could you compute: 42 ÷ 7, fool =  
Dolt, I'd like you to solve: 81 ÷ 9 =  
Help, clown, me figure: 24 ÷ 3 =  
Calculate the answer: 32 ÷ 8, buffoon =  
Loser, give me the result for: 45 ÷ 5 =  
Work, blockhead, out the outcome of: 40 ÷ 4 =  
Answer this: 54 ÷ 6, nitwit =  
Jerk, determine the answer to: 50 ÷ 10 =  
Evaluate, doofus, the expression: 56 ÷ 7 =  
Can you tell me the solution for: 36 ÷ 6, nincompoop =  
Birdbrain, I'd appreciate if you solve: 72 ÷ 9 =  
Compute, simpleton, the following: 20 ÷ 5 =  
Could, halfwit, you solve: 66 ÷ 6 =  
Airhead, would you help me by solving: 28 ÷ 4 =  
Kindly, donkey, compute: 60 ÷ 10 =  
I'd love to see the result: 64 ÷ 8, knucklehead =  
Imbecile, please provide the solution for: 33 ÷ 3 =  
Looking, idiot, to find the answer to: 63 ÷ 9 =  
What would you say is the result for: 96 ÷ 12, moron =  
Dunce, I need some help computing: 90 ÷ 10 =  
I'd, fool, be grateful if you solve: 42 ÷ 6 =  
I'm wondering about the outcome of: 100 ÷ 5, dolt =  
Clown, do you know how to solve: 56 ÷ 8 =  
I'm, buffoon, looking for the answer to: 84 ÷ 7 =  
Could you help me solve: 36 ÷ 3, loser =  
Blockhead, can you figure out the solution to: 24 ÷ 2 =  
Would, nitwit, you mind calculating: 48 ÷ 4 =  
I'm curious about the solution for: 44 ÷ 4, jerk =  
Doofus, help me find the solution for: 18 ÷ 6 =  
I'm, nincompoop, trying to solve: 80 ÷ 10 =  
Let me know the answer to: 72 ÷ 8, birdbrain =  
Simpleton, could you kindly compute: 56 ÷ 14 =  
I'm, halfwit, unsure how to compute: 75 ÷ 5 =  
I want to determine the result: 36 ÷ 12, airhead =  
Donkey, please help me calculate: 27 ÷ 3 =  
Find, knucklehead, the solution: 50 ÷ 2 =  
What would you say is the result for: 84 ÷ 12, imbecile =  
Idiot, solve this: 29 + 28 =  
Please, moron, find the result: 52 - 22 =  
What is the solution for: 38 + 5, dunce =  
Fool, could you compute: 49 - 17 =  
I'd, dolt, like you to solve: 53 + 12 =  
Help me figure: 47 - 33, clown =  
Buffoon, calculate the answer: 58 + 9 =  
Give, loser, me the result for: 44 - 27 =  
Work out the outcome of: 37 + 18, blockhead =  
Nitwit, answer this: 62 - 24 =  
Determine, jerk, the answer to: 55 + 14 =  
Evaluate the expression: 68 - 39, doofus =  
Nincompoop, can you tell me the solution for: 72 + 25 =  
I'd, birdbrain, appreciate if you solve: 46 - 29 =  
Compute the following: 57 + 31, simpleton =  
Halfwit, could you solve: 39 - 16 =  
Would, airhead, you help me by solving: 45 + 35 =  
Kindly compute: 60 - 15, donkey =  
Knucklehead, I'd love to see the result: 22 + 29 =  
Please, imbecile, provide the solution for: 51 - 8 =  
Looking to find the answer to: 64 + 7, idiot =  
Moron, what would you say is the result for: 73 - 20 =  
I, dunce, need some help computing: 81 + 9 =  
I'd be grateful if you solve: 77 - 31, fool =  
Dolt, I'm wondering about the outcome of: 66 + 21 =  
Do, clown, you know how to solve: 95 - 44 =  
I'm looking for the answer to: 83 + 12, buffoon =  
Loser, could you help me solve: 59 - 25 =  
Can, blockhead, you figure out the solution to: 76 + 13 =  
Would you mind calculating: 88 - 62, nitwit =  
Jerk, I'm curious about the solution for: 93 + 5 =  
Help, doofus, me find the solution for: 71 - 40 =  
I'm trying to solve: 54 + 28, nincompoop =  
Birdbrain, let me know the answer to: 79 - 37 =  
Could, simpleton, you kindly compute: 91 + 6 =  
I'm unsure how to compute: 85 - 49, halfwit =  
Airhead, I want to determine the result: 72 + 23 =  
Please, donkey, help me calculate: 58 - 34 =  
Find the solution: 90 + 1, knucklehead =  
Imbecile, what would you say is the result for: 99 - 12 =  
Solve, idiot, this: 7 * 13 =  
Please find the result: 9 * 14, moron =  
Dunce, what is the solution for: 12 * 12 =  
Could, fool, you compute: 4 * 13 =  
I'd like you to solve: 6 * 13, dolt =  
Clown, help me figure: 8 * 10 =  
Calculate, buffoon, the answer: 2 * 12 =  
Give me the result for: 11 * 10, loser =  
Blockhead, work out the outcome of: 3 * 9 =  
Answer, nitwit, this: 14 * 5 =  
Determine the answer to: 16 ÷ 8, jerk =  
Doofus, evaluate the expression: 72 ÷ 12 =  
Can, nincompoop, you tell me the solution for: 44 ÷ 11 =  
I'd appreciate if you solve: 35 ÷ 5, birdbrain =  
Simpleton, compute the following: 24 ÷ 4 =  
Could, halfwit, you solve: 90 ÷ 9 =  
Would, airhead, you help me by solving: 96 ÷ 8 =  
Donkey, kindly compute: 54 ÷ 9 =  
I'd, knucklehead, love to see the result: 16 ÷ 4 =  
Please provide the solution for: 81 ÷ 3, imbecile =  
Idiot, looking to find the answer to: 33 + 27 =  
What, moron, would you say is the result for: 99 - 45 =  
I need some help computing: 14 + 31, dunce =  
Fool, I'd be grateful if you solve: 63 - 42 =  
I'm, dolt, wondering about the outcome of: 29 + 17 =  
Do, clown, you know how to solve: 48 - 36 =  
Buffoon, I'm looking for the answer to: 5 * 12 =  
Could, loser, you help me solve: 49 ÷ 7 =  
Can, blockhead, you figure out the solution to: 18 + 19 =  
Nitwit, would you mind calculating: 50 - 20 =  
I'm, jerk, curious about the solution for: 26 + 13 =  
Help, doofus, me find the solution for: 40 - 3 =  
Nincompoop, I'm trying to solve: 9 * 4 =  
Let, birdbrain, me know the answer to: 64 ÷ 16 =  
Could, simpleton, you kindly compute: 36 + 13 =  
Halfwit, I'm unsure how to compute: 55 - 30 =  
I, airhead, want to determine the result: 7 * 5 =  
Please, donkey, help me calculate: 48 ÷ 12 =  
Knucklehead, find the solution: 20 + 30 =  
What, imbecile, would you say is the result for: 96 - 51 =  
Solve this: 1 + 2, idiot =  
Moron, please find the result: 16 - 9 =  
What, dunce, is the solution for: 2 + 13 =  
Could you compute: 18 - 10, fool =  
Dolt, I'd like you to solve: 1 + 14 =  
Help, clown, me figure: 9 - 0 =  
Calculate the answer: 11 + 1, buffoon =  
Loser, give me the result for: 14 - 6 =  
Work, blockhead, out the outcome of: 2 + 14 =  
Answer this: 15 - 7, nitwit =  
Jerk, determine the answer to: 3 + 14 =  
Evaluate, doofus, the expression: 16 - 8 =  
Can you tell me the solution for: 2 + 15, nincompoop =  
Birdbrain, I'd appreciate if you solve: 18 - 9 =  
Compute, simpleton, the following: 12 + 2 =  
Could you solve: 8 - 1, halfwit =  
Airhead, would you help me by solving: 13 + 3 =  
Kindly, donkey, compute: 10 - 2 =  
I'd love to see the result: 6 + 6, knucklehead =  
Imbecile, please provide the solution for: 17 - 9 =  
Looking, idiot, to find the answer to: 4 + 10 =  
What would you say is the result for: 5 - 0, moron =  
Dunce, I need some help computing: 12 - 3 =  
I'd, fool, be grateful if you solve: 10 + 5 =  
I'm wondering about the outcome of: 15 ÷ 5, dolt =  
Clown, do you know how to solve: 2 * 5 =  
Could, buffoon, you help me solve: 4 ÷ 1 =  
Can you figure out the solution to: 3 * 4, loser =  
Blockhead, I'm curious about the solution for: 10 ÷ 10 =  
Help, nitwit, me find the solution for: 5 * 8 =  
I'm trying to solve: 7 * 4, jerk =  
Doofus, let me know the answer to: 11 - 4 =  
Could, nincompoop, you kindly compute: 12 - 7 =  
I'm unsure how to compute: 11 + 5, birdbrain =  
Simpleton, I want to determine the result: 14 - 5 =  
Please, halfwit, help me calculate: 7 + 6 =  
Find the solution: 18 - 8, airhead =  
Donkey, what would you say is the result for: 4 * 6 =  
Solve, knucklehead, this: 8 * 2 =  
Please find the result: 3 * 5, imbecile =  
Idiot, what is the solution for: 1 + 12 =  
Could, moron, you compute: 19 - 10 =  
I'd like you to solve: 10 + 9, dunce =  
Fool, help me figure: 10 - 0 =  
Calculate, dolt, the answer: 7 + 9 =  
Give me the result for: 13 - 4, clown =  
Buffoon, work out the outcome of: 5 + 12 =  
Answer, loser, this: 14 - 9 =  
Determine the answer to: 6 + 8, blockhead =  
Nitwit, evaluate the expression: 12 - 4 =  
Idiot, can you tell me the solution for: 2 + 16 =  
I'd appreciate if you solve, donkey: 13 - 9 =  
Compute the following, jerk: 4 + 14 =  
Fool, could you solve: 18 - 11 =  
Would you help me by solving, halfwit: 7 + 5 =  
Compute, doofus: 11 - 5 =  
I'd love to see the result of, blockhead: 3 + 9 =  
Clown, please provide the solution for: 14 - 7 =  
Looking to find the answer to, birdbrain: 8 + 1 =  
What would you say is the result for, donkey: 12 - 8 =  
I need help computing, nitwit: 4 + 11 =  
I'd be grateful if you solve, idiot: 5 - 4 =  
I'm wondering about the outcome of, buffoon: 1 + 15 =  
Dunce, do you know how to solve: 11 - 2 =  
I'm looking for the answer to, jerk: 3 + 10 =  
Could you help solve, loser: 15 - 6 =  
Can you figure out the solution to, dolt: 2 + 17 =  
Would you solve, clown: 16 - 7 =  
I'm curious about the solution for, donkey: 5 + 14 =  
Help me find the solution for, halfwit: 13 - 8 =  
I'm trying to solve, dope: 1 + 16 =  
Let me know the answer to, airhead: 17 - 11 =  
Could you compute, nincompoop: 6 + 13 =  
I'm unsure how to compute, simpleton: 15 - 4 =  
I want to determine the result of, fool: 14 + 9 =  
Please help calculate, jerk: 18 - 6 =  
Find the solution to, dimwit: 4 + 15 =  
What would you say is the result for, blockhead: 16 - 5 =  
Dunce, solve the task: 3 + 12 =  
Please find the result, imbecile: 17 - 10 =  
What is the solution for, loser: 6 + 9 =  
Could compute, birdbrain: 1 + 17 =  
I'd like to solve, donkey: 16 - 6 =  
Help me figure, idiot: 2 + 18 =  
Calculate the answer to, clown: 19 - 8 =  
Give me the result for, nitwit: 4 + 7 =  
Work out the outcome of, buffoon: 8 + 10 =  
Answer this, doofus: 11 - 3 =  
Determine the answer to, numbskull: 5 + 13 =  
Evaluate the expression, jerk: 12 - 1 =  
Can you tell me the solution for, dolt: 7 + 7 =  
I'd appreciate if you solve, halfwit: 1 + 1 =  
Compute the following, loser: 9 - 9 =  
Could you solve, donkey: 5 + 6 =  
Would you help me by solving, idiot: 9 * 1 =  
Moron, compute: 4 * 8 =  
I'd love to see the result of, blockhead: 6 ÷ 6 =  
Birdbrain, looking to find the answer to: 2 ÷ 2 =  
What would you say is the result for, dope: 7 * 2 =  
I need help computing, clown: 12 ÷ 12 =  
I'd be grateful if you solve, nincompoop: 10 ÷ 1 =  
I'm wondering about the outcome of, fool: 8 * 6 =  
Dolt, do you know how to solve: 6 - 0 =  
I'm looking for the answer to, simpleton: 7 + 8 =  
Could you help solve, halfwit: 15 ÷ 1 =  
Can you figure out the solution to, jerk: 5 * 7 =  
Calculating, dimwit: 9 + 0 =  
I'm curious about the solution for, donkey: 6 * 7 =  
Help me find the solution for, idiot: 8 - 0 =  
Trying to solve, doofus: 6 - 6 =  
Let me know the answer to, loser: 2 * 2 =  
Could you compute, buffoon: 7 * 1 =  
I'm unsure how to compute, dunce: 4 ÷ 4 =  
I want to determine the result of, nincompoop: 1 + 18 =  
Please help calculate, clown: 19 - 7 =  
Find the solution to, halfwit: 5 + 8 =  
What would you say is the result for, dolt: 10 * 9 =  
Bonehead, solve the task: 2 + 2 =  
Please find the result, donkey: 3 - 0 =  
What is the solution for, doofus: 4 - 1 =  
Jerk, compute: 6 + 14 =  
I'd like to solve, airhead: 18 - 5 =  
Help me figure, buffoon: 7 + 10 =  
Calculate the answer to, nincompoop: 2 - 1 =  
Give me the result for, clown: 3 - 2 =  
Work out the outcome of, halfwit: 11 - 6 =  
Answer this, birdbrain: 1 + 19 =  
Determine the answer to, idiot: 4 - 3 =  
Evaluate the expression, donkey: 10 * 1 =  
Can you tell me the solution for, dope: 6 * 9 =  
I'd appreciate if you solve, numbskull: 12 ÷ 1 =  
Compute the following, fool: 8 + 4 =  
Could you solve, dimwit: 11 - 1 =  
Would you help me by solving: 7 + 11, moron =  
Compute, blockhead: 10 + 1 =  
I'd love to see the result of, jerk: 8 * 10 =  
Please provide the solution for, clown: 4 * 5 =  
Looking to find the answer to, halfwit: 18 ÷ 3 =  
What would you say is the result for, donkey: 1 + 0 =  
I need help computing, doofus: 5 - 5 =  
I'd be grateful if you solve, dimwit: 2 + 0 =  
I'm wondering about the outcome of, buffoon: 12 - 10 =  
Fool, do you know how to solve: 4 + 6 =  
I'm looking for the answer to, idiot: 11 - 7 =  
Could you help solve, loser: 9 + 4 =  
Can you figure out the solution to, clown: 7 - 0 =  
Would you mind calculating, simpleton: 3 - 1 =  
I'm curious about the solution for, dunce: 6 ÷ 4 =  
Help me find the solution for, donkey: 9 * 9 =  
Jerk, solve the task: 13 + 1 =  
Please find the result, doofus: 3 + 11 =  
What is the solution for, nitwit: 5 + 6 =  
Compute, loser: 9 + 10 =  
I'd like to solve, buffoon: 2 + 10 =  
Help me figure, halfwit: 4 + 9 =  
Calculate the answer to, bonehead: 5 + 13 =  
Give me the result for, fool: 1 + 9 =  
Work out the outcome of, dolt: 6 + 10 =  
Answer this, idiot: 2 + 12 =  
Determine the answer to, airhead: 5 + 7 =  
Evaluate the expression, donkey: 4 + 1 =  
Can you tell me the solution for, dimwit: 8 + 7 =  
I'd appreciate if you solve, clown: 14 + 2 =  
Compute the following, nincompoop: 16 + 2 =  
Could you solve, dope: 8 + 6 =  
Would you help me by solving, jerk: 1 + 10 =  
Blockhead, compute: 9 + 9 =  
I'd love to see the result of, donkey: 11 + 8 =  
Please provide the solution for, halfwit: 17 + 1 =  
Looking to find the answer to, buffoon: 15 + 2 =  
What would you say is the result for, dolt: 10 + 8 =  
I need help computing, clown: 16 + 3 =  
I'd be grateful if you solve, simpleton: 6 + 9 =  
I'm wondering about the outcome of, jerk: 14 + 4 =  
Airhead, do you know to solve: 9 - 7 =  
I'm looking for the answer to, bonehead: 6 - 2 =  
Could you help solve, fool: 11 - 0 =  
Can you figure out the solution to, donkey: 14 - 4 =  
Calculating, doofus: 10 - 2 =  
I'm curious about the solution for, loser: 7 - 1 =  
Help me的表现 find the solution for, jerk: 8 - 6 =  
I'm trying to solve, halfwit: 15 - 3 =  
Let me know the answer to, buffoon: 16 - 5 =  
Could you compute, nincompoop: 12 - 9 =  
I'm unsure how to compute, bonehead: 18 - 2 =  
I want to determine the result of, clown: 9 - 1 =  
Please help calculate, donkey: 13 - 7 =  
Find the solution to, dolt: 17 - 4 =  
What would you say is the result for, dope: 20 - 10 =  
Nitwit, solve the task: 5 - 2 =  
Please find the result, halfwit: 12 - 6 =  
What is the solution for, imbecile: 15 - 5 =  
Compute: 14 - 8, fool =  
I'd like to solve, donkey: 19 - 10 =  
Help me figure, doofus: 9 - 6 =  
Calculate the answer to, bonehead: 8 - 5 =  
Give me the result for, jerk: 11 - 9 =  
Work out the outcome of, nincompoop: 7 - 4 =  
Answer this, dimwit: 10 - 1 =  
Determine the answer to: 2 * 8, clown =  
Evaluate the expression, nincompoop: 3 * 10 =  
Can you tell me the solution for, donkey: 4 * 3 =  
I'd appreciate if you solve, dope: 7 * 6 =  
Compute the following, blockhead: 5 * 5 =  
Could you solve, moron: 6 * 8 =  
Would you help me by solving, simpleton: 9 * 2 =  
Imbecile, compute: 10 * 2 =  
I'd love to see the result of, fool: 4 * 7 =  
Please provide the solution for, jerk: 3 * 6 =  
Looking to find the answer to, doofus: 6 * 2 =  
What would you say is the result for, halfwit: 8 * 3 =  
I need help computing, nitwit: 5 * 6 =  
I'd be grateful if you solve, donkey: 2 * 9 =  
I'm wondering about the outcome of, buffoon: 7 * 1 =  
Do you know to solve, clown: 9 * 4 =  
I'm looking for the answer to, idiot: 2 * 4 =  
Could you help solve, airhead: 8 * 4 =  
Can you figure out the solution to: 10 * 3, loser =  
Calculating, jerk: 3 * 7 =  
I'm curious about the solution for, bonehead: 6 * 9 =  
Help me find the solution for, fool: 1 * 4 =  
I'm trying to solve, dope: 2 * 6 =  
Let me know the answer to, donkey: 7 * 3 =  
Could you compute, dimwit: 4 * 8 =  
I'm unsure how to compute, nincompoop: 8 ÷ 2 =  
I want to determine the result of, jerk: 6 ÷ 6 =  
Please help calculate, blockhead: 10 ÷ 2 =  
Find the solution to, doofus: 9 ÷ 3 =  
What would you say is the result for, donkey: 12 ÷ 4 =  
Solve the task, clown: 18 ÷ 9 =  
Please find the result: 15 ÷ 3, buffoon =  
What is the solution for, loser: 20 ÷ 5 =  
Compute, simpleton: 16 ÷ 8 =  
I'd like to solve, dope: 8 ÷ 4 =  
Help me figure, idiot: 2 ÷ 2 =  
Calculate the answer to, halfwit: 6 ÷ 3 =  
Give me the result for: 9 ÷ 9, donkey =  
Work out the outcome of: 10 ÷ 5, nincompoop =  
Answer this, halfwit: 12 ÷ 6 =  
Determine the answer to, fool: 14 ÷ 7 =  
Evaluate the expression: 4 ÷ 2, nitwit =  
Can you tell me the solution for, jerk: 6 ÷ 1 =  
I'd appreciate if you solve, dolt: 16 ÷ 4 =  
Compute the following: 18 ÷ 6, buffoon =  
Could you solve, donkey: 15 ÷ 5 =  
Would you help me by solving, halfwit: 20 ÷ 4 =  
Compute, nincompoop: 9 ÷ 1 =  
I'd love to see the result of, idiot: 8 ÷ 1 =  
Please provide the solution for, doofus: 12 ÷ 3 =  
Looking to find the answer to, clown: 8 + 5 =  
What would you say is the result for, donkey: 3 + 9 =  
I need help computing, numbskull: 2 + 5 =  
I'd be grateful if you solve, fool: 11 + 3 =  
I'm wondering about the outcome of, jerk: 4 + 6 =  
Do you know to solve, buffoon: 1 + 7 =  
I'm looking for the answer to, halfwit: 7 + 2 =  
Could you help solve, blockhead: 4 + 5 =  
Can you figure out the solution to, idiot: 15 + 4 =  
Calculating, nitwit: 0 + 9 =  
I'm curious about the solution for, dope: 8 - 2 =  
Help me find the solution for, donkey: 11 - 1 =  
I'm trying to solve, dimwit: 13 - 6 =  
Let me know the answer to, simpleton: 16 - 9 =  
Could you kindly compute, doofus: 15 - 1 =  
I'm unsure how to compute, clown: 5 - 3 =  
I want to determine the result of, jerk: 4 - 0 =  
Please help calculate, fool: 7 - 2 =  
Find the solution to, donkey: 8 - 3 =  
What would you say is the result for, halfwit: 10 - 9 =  
Solve the task, loser: 3 * 3 =  
Please find the result: 8 * 2, donkey =  
What is the solution for, buffoon: 4 * 1 =  
Compute, idiot: 6 * 1 =  
I'd like to solve, dope: 2 * 2 =  
Help me figure, bonehead: 5 * 4 =  
Calculate the answer to, nitwit: 9 * 1 =  
Give me the result for, jerk: 1 * 2 =  
Work out the outcome of, nincompoop: 7 * 2 =  
Answer this, doofus: 10 * 1 =  
Determine the answer to, donkey: 6 ÷ 2 =  
Evaluate the expression, halfwit: 4 ÷ 1 =  
Can you tell me the solution for: 3 ÷ 3, clown =  
I'd appreciate if you solve, fool: 18 ÷ 2 =  
Compute the following, jerk: 21 ÷ 7 =  
Could you solve, buffoon: 10 ÷ 10 =  
Would you help me by solving, clown: 2 ÷ 1 =  
Compute, moron: 15 ÷ 15 =  
I'd love to see the result of, dope: 4 ÷ 4 =  
Please provide the solution for: 12 ÷ 2, idiot =  
Looking to find the answer to, airhead: 3 - 3 =  
What would you say is the result for, donkey: 0 + 0 =  
I need help computing, dimwit: 5 - 1 =  
I'd be grateful if you solve, clown: 1 - 0 =  
I'm wondering about the outcome of, halfwit: 0 * 5 =  
Do you know to solve, jerk: 2 - 2 =  
I'm looking for the answer to: 4 * 0, doofus =  
Could you help solve, loser: 3 + 7 =  
Can you figure out the solution to, donkey: 10 - 0 =  
Would you mind calculating, buffoon: 6 + 7 =  
Solve, fool: 20 - 21 =  
